id|firstName|lastName|gender|birthday|creationDate|locationIP|browserUsed
1|Konnos|Paulou|male||||
2|Konna|Paulou|female||||
3|Gewrgia|Paulou|female||||
4|Basw|Paulou||female|||
5|Tsoek|Paulou|male||||
6|Melene|Paulou|male||||
7|Desoulew|Paulou|male||||
8|GEIA|Paulou|female||||
9|Konnos|Paulou|male||||
10|Konna|Paulou|female||||
11|Gewrgia|Paulou|female||||
12|Basw|Paulou||female|||
13|Tsoek|Paulou|male||||
14|Melene|Paulou|male||||
15|Desoulew|Paulou|male||||
16|GEIA|Paulou|female||||
17|GEIA|Paulou|female||||
18|GEIA|Paulou|female||||
19|GEIA|Paulou|female||||
20|GEIA|Paulou|female||||
21|GEIA|Paulou|female||||
22|GEIA|Paulou|female||||
23|GEIA|Paulou|female||||
